PLAYER_ID,AutoStats Games,Offensive Points/Chance,Defensive Points/Chance,Offensive Transition%,Defensive Transition%,Touches/Chance,Points/Touch,Transition Touch%,Transition Points/Touch,AutoStats FG%,AutoStats 3P%,Contested Jumper FG%,Uncontested Jumper FG%,% of Jumpers Contested,Contested 3P%,Uncontested 3P%,% of 3s Contested,Off Dribble Jumper FG%,Catch & Shoot Jumper FG%,Off Dribble 3P%,Catch & Shoot 3P%,% of Shots at Rim,Average Influence Score,Expected eFG%,AutoStats FG% Defended,AutoStats 3P% Defended,Contested Jumper FG% Defended,Uncontested Jumper FG% Defended,% of Defended Jumpers Contested,Contested 3P% Defended,Uncontested 3P% Defended,% of Defended 3s Contested,Average Influence Score Defended,Expected eFG% Defended,Layup FG% Defended,Passes/Touch,Led to Shot %,Assist %,Secondary Assist %,FT Assist %,Offensive Adjusted Rebound %,Offensive Contested Rebound %,% of Offensive Rebounds Contested,Defensive Adjusted Rebound %,Defensive Contested Rebound %,% of Defensive Rebounds Contested,Crash & Boxout %,Drives/Touch,Player Points/Drive,Team Points/Drive Chance,Drives Defended/Defensive Chances,Player Points/Drive Allowed,Team Points/Drive Chance Allowed,Isos/Touch,Player Points/Iso,Team Points/Iso Chance,Isos Defended/Defensive Chances,Player Points/Iso Allowed,Team Points/Iso Chance Allowed,Postups/Touch,Player Points/Postup,Team Points/Postup Chance,Postups Defended/Defensive Chances,Player Points/Postup Allowed,Team Points/Postup Chance Allowed,BH- Screens/Touch,BH- Player Points/Screen,BH- Team Points/Chance,BH- Pass to Screener %,BH- Screener Points/Touch,BH Def- Ball Handler Points/Screen,BH Def- Screens/Chance,BH Def- Team Points/Chance,BH Def- Ball Handler Pass to Screener %,BH Def- Screener Points/Touch,SC- Screens/Chance,SC- Ball Handler Points/Screen,SC- Points/Touch,SC- Team Points/Chance,SC- Combo Points/Screen,SC Def- Ball Handler Points/Screen,SC Def- Screens/Chance,SC Def- Team Points/Chance,SC Def- Ball Handler Pass to Screener %,SC Def- Screener Points/Touch,SC Def- Combo Points/Screen,Closeout Touch %,Points/Closeout Touch- Offense,Team Points/Closeout Chance- Offense,Closeouts/Chance,Points/Closeout Allowed,Team Points/Closeout Chance Allowed,Full Closeout %,Cutter- Screens/Chance,Cutter- Team Points/Chance,Cutter- Touches/Screen,Cutter- Points/Touch,Screener- Screens/Chance,Screener- Team Points/Chance,Screener- Cutter Touches/Screen,Screener- Cutter Points/Touch,Screener- Screener Touches/Screen,Screener- Screener Points/Touch,Cutter Def- Screens/Chance,Cutter Def- Team Points/Chance,Cutter Def- Cutter Touches/Screen,Cutter Def- Cutter Points/Touch,Cutter Def- Screener Touches/Screen,Cutter Def- Screener Points/Touch,Screener Def- Screens/Chance,Screener Def- Team Points/Chance,Screener Def- Cutter Touches/Screen,Screener Def- Cutter Touch Points,Screener Def- Screener Touches/Screen,Screener Def- Screener Points/Touch,Receiver- Handoffs/Touch,Receiver- Points/Handoff,Receiver- Team Points/Chance,Setter- Handoffs/Touch,Setter- Receiver Points/Handoff,Setter- Team Points/Chance,Receiver Defender- Handoffs/Chance,Receiver Defender- Receiver Points/Handoff,Receiver Defender- Team Points/Chance,Setter Defender- Handoffs/Chance,Setter Defender- Receiver Points/Handoff,Setter Defender- Team Points/Chance,Offensive Chances,Defensive Chances,PICK_NUMBER,Drafted
x1,21,1.628,1.306,15.752,16.86,0.912,0.592,4.32,0,75.55555556,0,38.46153846,83.33333333,136.8421053,0,0,80,28.57142857,60,0,0,91.11111111,150.8599058,92.3522,71.028,70,86.956,61.112,77.966,50,75,40,146.932,94.878,76.19047619,0.828,26.866,7.462,5.97,2.986,138.4615385,100,122.2222222,164.2857143,133.3333333,113.0434783,124.894,0.044,1.428571429,1.428571429,0.062,1.428,2,0.012,2,2,0.034,0.5,1,0.26,1.523809524,1.761904762,0.044,0.666666667,1.142857143,0,0,0,0,0,0,0.05,0.25,23.52941176,0,0.594,0.492890995,0.842105263,1.597826087,0.568720379,0.33,0.46,1.144,29.114,0.608695652,0.418,4.32,0,0.571428571,0.046,0,0.624,50,0.078,1.63,0.072,0,0.408,1.603305785,0.731034483,0.075471698,0.124137931,1.333333333,0.134,1.26,0.652,0,0.174,0,0.692,1.246,0.848,40,0.176,0.571428571,0.006,0,0,0.08,0.461538462,0.923076923,0.02,0,0.857142857,0.078,0.444444444,1.307692308,1422,1376,,
x2,31,1.688,1.32,20.228,14.854,0.99,0.768,11.096,0.390243902,108.6021505,0,100,107.6923077,133.3333333,0,0,100,50,111.4285714,0,0,101.0752688,151.862397,95.55633871,63.91,46.154,50,73.684,97.298,0,63.15789474,53.846,151.012,90.704,65.95744681,1.028,19.474,6.316,6.316,1.052,111.1111111,93.75,150,163.8888889,105.8823529,61.01694915,108.446,0.01,2.5,2.5,0.062,0.782,1.696,0,0,0,0.03,0.636363636,1.545454545,0.148,1.2,1.527272727,0.048,0.857142857,1.257142857,0,0,0,0,0,0,0.03,0.8,9.090909091,0,0.342,0.321568627,1.310344828,1.686098655,0.470588235,0.28,0.53,1.39,32.57,1.03125,0.448,5.954,0,0.909090909,0.068,0.746,1.47,39.216,0.078,1.53,0.38,0.909090909,0.568,1.724550898,0.985849057,0.449760766,0.183962264,1.230769231,0.17,1.208,0.604,0.105263158,0.366,0.260869565,0.746,1.244,0.642,46,0.268,0.621621622,0.006,0,2,0.146,0.518518519,1.924528302,0.03,0.090909091,1.272727273,0.14,0.346153846,1.392156863,2986,2962,,
x3,9,1.332,1.332,18.692,14.796,1.136,0.436,13.168,0.875,57.57575758,29.62962963,62.06896552,43.47826087,111.5384615,33.33333333,26.66666667,88.88888889,63.63636364,56,0,50,27.27272727,146.5662967,83.21366667,71.876,55.556,46.666,93.334,133.334,54.54545455,57.14285714,122.222,155.908,87.708,100,1.252,25,9.21,3.948,2.632,200,0,0,125,50,40,32.836,0.106,2,2.307692308,0.086,0.942,1.176,0.098,1.5,1.833333333,0.03,0.666666667,0.666666667,0.008,0,0,0.006,0,0,0.238,0.413793103,1.642857143,20.68965517,1.333333333,0,0.138,1.04,22.22222222,1.333333333,0.032,1.142857143,0,1.333333333,1.142857143,0.308,0.066,1.846,0,0,0.308,23.868,0.344827586,0.827586207,0.096,0.842,1.79,115.79,0.654,1.282,0.628,0.636363636,0.21,1.529411765,0.577777778,0.769230769,0.222222222,0.8,0.526,1.012,0.738,0.631578947,0.194,0.6,0.198,1.758,0.358,0,0.256,0,0.124,0.266666667,1.466666667,0.05,0.666666667,1.333333333,0.118,0.347826087,1.818181818,0.046,0.444444444,1.777777778,856,784,,
x4,12,1.386,1.406,13.824,13.072,1.636,0.554,5.036,1.428571429,69.28104575,58.46153846,80,40,153.8461538,76.92307692,30.76923077,120,66.66666667,79.36507937,76.19047619,55,11.76470588,154.0846355,81.26494902,76.056,60,72,46.666,90.91,80,50,66.666,147.756,91.456,163.6363636,1.238,23.838,9.884,2.326,1.162,0,0,0,163.6363636,0,0,48.422,0.19,1.169811321,1.622641509,0.112,0.942,1.764,0.13,1.277777778,1.722222222,0.052,1.25,1.733333333,0.022,0.666666667,0.666666667,0,0,0,0.688,0.408376963,1.328947368,20.60606061,0.470588235,0.1875,0.314,0.873563218,18.75,0,0.064,0.454545455,0,1.909090909,0.454545455,0,0.072,0.364,36.364,0,0,34.892,0.474226804,1.568181818,0.17,0.23,1.044,57.692,0.794,1.27,1.014,0.394160584,0.162,1.625,0.690909091,0.526315789,0.545454545,1.333333333,0.386,1.248,0.492,0.551724138,0.306,0.222222222,0.148,1.1,0.756,4,0.134,0,0.316,0.5,1.214285714,0.064,0.333333333,1.666666667,0.098,0,0.592592593,0.032,0,0.4,1360,1224,,
x5,12,1.606,1.7,9.934,17.648,0.964,0.53,8.934,2,90.90909091,93.02325581,66.66666667,121.7391304,108,60,121.7391304,93.02325581,53.33333333,106.25,40,106.6666667,7.272727273,145.4275108,93.77643273,76.47,86.956,61.112,100,133.334,92.30769231,80,113.044,154.65,87.994,75,1.43,36.538,17.308,5.77,0.962,0,0,0,150,114.2857143,88.88888889,45.162,0.158,0.173913043,2,0.076,0.87,1.09,0.062,0.444444444,2.222222222,0.052,1.25,1.866666667,0,0,0,0.01,0,1.333333333,0.482,0.314285714,2.103448276,42.62295082,2.307692308,0.361445783,0.272,1.621621622,33.73493976,0.571428571,0.05,0,0,3.466666667,0,0.2,0.066,1.474,40,0,0.2,42.612,0.419354839,1.719298246,0.098,0.266,1.786,66.666,0.338,2.12,0.666,1.058823529,0.112,1.933333333,0.588235294,2.4,0.352941176,1,0.584,1.574,0.614,0.254545455,0.29,0.769230769,0.228,1.65,1.142,10,0.314,1.090909091,0.262,0.421052632,1.513513514,0.082,0.333333333,3.090909091,0.124,0.368421053,1.684210526,0.046,0.285714286,1.714285714,1208,1224,,
x6,22,1.328,1.404,11.088,15.254,1.628,0.338,4.956,0.6,65.49707602,0,58.53658537,46.15384615,135.5371901,0,0,100,71.42857143,53.01204819,0,0,45.61403509,150.9052802,83.81402456,79.71,72.728,83.018,76.924,115.218,82.35294118,62.5,103.03,150.562,90.006,85.71428571,1.32,23.64,10.882,2.626,0.75,103.7037037,44.44444444,57.14285714,173.5849057,104.7619048,47.82608696,74.922,0.122,0.857142857,1.833333333,0.092,0.558,1.19,0.064,0.538461538,1.692307692,0.042,0.2,1.1,0.144,0.586206897,1.517241379,0.022,1.6,1.6,0.126,0.196078431,1.673469388,12,0,0.297297297,0.156,1.35483871,32.43243243,1.333333333,0.12,0.366666667,1.142857143,1.228070175,0.5,0.158,0.242,1.48,28.07,1,0.298,12.144,0.489795918,1.404255319,0.18,0.588,1.482,70.588,0.34,1.176,0.912,0.25974026,0.468,1.193370166,0.689655172,0.1,0.456896552,0.226415094,0.386,1.32,0.726,0.333333333,0.33,0.266666667,0.578,1.292,0.842,26,0.322,0.409090909,0.054,0,2.181818182,0.032,0,0.923076923,0.048,0.695652174,1.47826087,0.08,0.631578947,1.891891892,1984,1888,,
x7,28,1.672,1.372,13.046,15.324,0.912,0.818,2.694,1,88.88888889,65.85365854,75,88.88888889,110,57.14285714,72.34042553,85.36585366,69.3877551,90.56603774,44.44444444,73.52941176,28.98550725,148.9375604,90.17406763,68.54,50,53.062,69.696,85.218,66.66666667,41.17647059,69.23,147.19,92.7,75.55555556,0.926,24,6.546,3.636,0.728,116.6666667,80,114.2857143,161.4035088,80,43.47826087,93.22,0.154,1.52173913,1.782608696,0.062,0.872,1.684,0.048,1.142857143,1.714285714,0.024,0.266666667,1.066666667,0.084,0.96,1.76,0.034,0.952380952,1.619047619,0.044,0,1.846153846,30.76923077,0,0,0.046,1.857142857,27.5862069,1,0.478,0.512820513,0.970588235,1.851301115,0.724358974,0.342,0.342,1.364,28.704,1.032258065,0.49,32.324,1.125,1.870967742,0.122,0.494,1.132,57.142,0.168,1.776,0.366,1.2,0.466,1.5,0.613861386,0.365591398,0.211221122,0.75,0.184,1.18,0.632,0.27027027,0.394,0.695652174,0.604,1.394,0.832,50,0.24,0.434782609,0.04,0,1.666666667,0.124,0.324324324,1.567567568,0.018,0,1.272727273,0.064,0.2,1.4,2606,2532,,
x8,28,1.666,1.344,14.074,15.104,1.094,0.466,9.428,1.515151515,83.72093023,75,73.17073171,81.08108108,71.30434783,47.61904762,84.74576271,52.5,76.92307692,84.84848485,57.14285714,82.75862069,10.85271318,139.7853301,90.19544186,80,82.352,85.714,78.048,108.888,75,88.88888889,94.118,149.016,92.312,105.8823529,1.438,17.496,9.146,2.386,1.988,200,200,66.66666667,174.1935484,54.54545455,22.22222222,42.388,0.106,1.027027027,1.675675676,0.078,0.98,1.624,0.034,0.666666667,2,0.028,1,2.111111111,0,0,0,0.008,0,1.2,0.266,0.258064516,1.542168675,23.80952381,1.4,0.323076923,0.206,1.182608696,24.61538462,0.375,0.052,0.121212121,0,0.903225806,0.121212121,0.166,0.096,1.356,30,1.555555556,0.4,47.428,0.626506024,1.869281046,0.19,0.386,1.392,63.866,0.412,1.404,0.73,0.083333333,0.146,1.666666667,0.404255319,0.947368421,0.425531915,0.8,0.534,1.18,0.666,0.196428571,0.226,0.421052632,0.244,1.278,0.666,20,0.352,0.37037037,0.092,0.5625,1.75,0.086,0.133333333,1.333333333,0.082,0.269230769,0.862745098,0.038,0.166666667,1.391304348,2558,2516,,
x9,19,1.514,1.398,21.698,13.74,1.992,0.182,11.776,0.23880597,87.75510204,81.81818182,71.69811321,100,149.2957746,80,85.71428571,136.3636364,76,84.21052632,85.71428571,76.92307692,34.69387755,157.0712465,82.00842041,69.88,44.444,62.65,59.09,130.708,45.16129032,43.47826087,114.814,155.046,87.83,83.87096774,1.616,40.696,12.404,6.312,2.612,133.3333333,0,0,168.4210526,28.57142857,12.5,31.956,0.208,0.694915254,1.521367521,0.188,0.65,1.424,0.072,0.731707317,1.853658537,0.07,0.977777778,1.822222222,0.002,0,0,0.004,1.333333333,1.333333333,0.378,0.23255814,1.312169312,39,0.820512821,0.168350168,0.464,1.352,33.67003367,0.84,0.102,0.137931034,0,1.75862069,0.137931034,0.25,0.124,1.376,15,0,0.25,13.182,0.346666667,1.594202899,0.224,0.294,1.158,67.132,0.262,1.478,0.814,0.459016393,0.122,1.723076923,1.114285714,0.512820513,0.114285714,0,0.438,1.268,0.742,0.25,0.222,0.516129032,0.168,1.292,0.814,6,0.296,0.5,0.08,0.044444444,1.681818182,0.1,0.210526316,1.789473684,0.068,0.181818182,1.409090909,0.096,0.196721311,1.540983607,2286,2562,,
x10,29,1.708,1.4,13.15,14.198,1.036,0.914,6.606,1.68,95.43568465,93.33333333,89.55223881,98.50746269,133.3333333,86.11111111,104.1666667,120,94.11764706,99.04761905,83.87096774,106.1728395,24.06639004,153.6903763,87.68939502,76,49.122,76.056,52.174,121.368,66.66666667,36.36363636,84.21,153.958,87.102,109.0909091,1.136,27.906,9.302,3.72,2.79,160,100,50,177.7777778,57.14285714,25,40,0.27,1.509803922,2.03960396,0.098,1.138,1.528,0.146,1.309090909,1.890909091,0.042,1.161290323,1.419354839,0.006,2,2,0.004,3.333333333,3.333333333,0.566,0.859813084,2.065217391,22.79792746,1.454545455,0.643835616,0.2,1.621212121,20.54794521,1.066666667,0.024,0,4,1.764705882,0.235294118,0.588,0.046,1.696,23.53,2,0.824,36.196,1.313868613,2.310077519,0.112,0.83,1.518,65.854,0.48,1.57,0.846,0.972972973,0.158,1.119266055,0.637931034,0.432432432,0.413793103,1.25,0.442,1.286,0.604,0.306122449,0.228,0.378378378,0.152,1.326,0.554,8,0.322,0.555555556,0.192,0.739726027,1.971428571,0.034,0.615384615,1.846153846,0.06,0.5,1.285714286,0.024,1.111111111,1.555555556,2920,2930,,
x11,8,1.492,1.478,10.688,11.828,0.952,0.78,5.348,0,103.5714286,0,77.77777778,150,163.6363636,0,0,0,100,90,0,0,100,161.671063,91.81346786,94.118,0,83.334,40,109.09,0,0,75,151.252,93.984,177.7777778,0.962,20,8.888,6.666,2.222,157.1428571,145.4545455,145.4545455,166.6666667,127.2727273,93.33333333,95.798,0,0,0,0.022,3.5,3.5,0,0,0,0.006,4,4,0.396,1.027027027,1.621621622,0.01,0,0,0.01,0,0,0,0,0.857142857,0.038,2.285714286,28.57142857,0,0.52,0.607843137,1,1.747126437,0.725490196,0.456,0.612,1.836,10.526,1.333333333,0.526,4.278,0,0,0.06,0.546,2,18.182,0.138,1.616,0.518,1.142857143,0.992,1.4,0.687179487,0.417910448,0.153846154,0.4,0.134,1.914,0.32,1,0.48,0,0.882,1.328,0.768,64,0.17,0.285714286,0.01,0,0,0.128,1,1.333333333,0.038,0.571428571,1.714285714,0.08,0,1.571428571,786,744,,
x12,31,1.672,1.314,19.826,15.432,1.368,0.422,13.586,1.866666667,100,65.57377049,74.50980392,92.59259259,97.14285714,50,75.67567568,78.68852459,96.2962963,82.19178082,40,69.23076923,61.25,145.6582885,94.55472125,75.642,94.736,69.768,104.348,130.304,84.44444444,109.6774194,118.422,153.758,88.424,53.33333333,1.51,25.18,11.75,5.036,2.638,113.0434783,82.35294118,107.6923077,146.6666667,87.5,63.63636364,53.506,0.116,1.0625,1.96875,0.072,0.69,0.982,0.038,1.428571429,2.19047619,0.038,0.666666667,0.827586207,0.004,0,0,0.012,0.4,1.4,0.302,0.263473054,1.825503356,28.38709677,0.727272727,0.259615385,0.256,1.565217391,31.73076923,0.484848485,0.072,0.344827586,0,2,0.344827586,0.286,0.07,0.92,21.428,1,0.392,34.964,0.352331606,1.64516129,0.098,0.65,1.3,85,0.392,1.61,0.858,0.147058824,0.136,1.623762376,0.763636364,0.19047619,0.4,0.181818182,0.63,1.27,0.632,0.372670807,0.224,0.666666667,0.246,1.15,0.6,14,0.22,0.727272727,0.134,0.216216216,1.436619718,0.1,0.290909091,1.636363636,0.122,0.343434343,1.452631579,0.034,0.428571429,0.846153846,3228,3240,,
x13,16,1.456,1.434,16.898,15.304,1.156,0.768,10.044,1.652173913,86.89655172,66.66666667,85.71428571,92.85714286,138.4615385,33.33333333,100,100,81.48148148,94.91525424,0,88.88888889,51.03448276,156.5546204,84.76692414,93.578,40,74.074,71.428,98.182,25,47.05882353,64,147.538,98.234,128.8888889,1.022,28.206,8.548,5.128,2.564,100,66.66666667,109.0909091,158.8235294,81.81818182,66.66666667,119.522,0.162,1.351351351,1.621621622,0.038,0.934,1.466,0.096,0.818181818,1.454545455,0.026,1.6,2,0.162,1.351351351,1.891891892,0.044,0.705882353,0.75,0.008,0,2,100,0,0.526315789,0.05,2.210526316,10.52631579,0,0.462,0.295081967,0.530612245,1.353658537,0.43715847,0.226,0.366,1.388,17.022,0.5,0.27,14.848,1.235294118,1.882352941,0.106,0.342,1.414,53.658,0.106,0.842,0.666,1,0.464,1.779310345,0.663043478,0.721311475,0.163043478,0.533333333,0.178,1.088,0.696,0.166666667,0.318,0.363636364,0.716,1.406,0.782,44,0.218,1,0.044,0,0.8,0.27,0.161290323,1.186440678,0.028,0,1.4,0.088,0.117647059,1.5625,1586,1542,,
x14,14,1.34,1.53,13.396,16.692,1.212,0.592,6.684,0.923076923,91.66666667,85.71428571,78.04878049,100,118.8405797,0,109.0909091,42.85714286,50,92.30769231,0,83.33333333,37.5,150.4260328,85.17215208,78.26,88,59.26,88,103.846,28.57142857,111.1111111,56,151.676,88.364,116.6666667,1.244,28.1,7.438,3.306,0,138.4615385,116.6666667,155.5555556,152.3809524,109.0909091,75,64.336,0.128,0.08,1.2,0.07,1.09,2,0.03,0.666666667,0.666666667,0.022,1.142857143,1.714285714,0.088,1.411764706,1.647058824,0.018,0.666666667,0.666666667,0.078,0,0.714285714,85.71428571,1.333333333,0.285714286,0.066,1.684210526,9.523809524,0,0.44,0.340425532,0.538461538,1.412698413,0.439716312,0.136,0.186,1.142,27.118,0,0.136,19.024,0.648648649,1.388888889,0.182,0.586,2.036,55.172,0.262,1.594,0.548,0.782608696,0.552,1.007633588,0.802259887,0.197183099,0.214689266,0.105263158,0.248,1.218,0.608,0.166666667,0.202,2,0.68,1.312,0.888,28,0.186,0.2,0.036,0.571428571,1.142857143,0.092,0.222222222,1.111111111,0.038,0,1.333333333,0.054,0.352941176,1.058823529,1284,1270,,
x15,31,1.67,1.262,19.342,14.752,1.084,0.474,13.864,0.45,105.4545455,0,93.75,100,106.6666667,0,0,100,105.2631579,90,0,0,83.63636364,144.7641983,94.69145273,64.052,57.628,75.472,54.546,98.148,75,45.71428571,81.356,150.124,92.278,68.57142857,1.272,22.888,9.81,10.354,4.36,118.75,100,147.3684211,164.7058824,90,42.85714286,110.726,0.08,0.52173913,1.043478261,0.062,0.848,1.312,0.014,0,2,0.038,0.7,1.4,0.014,0,0,0.032,0.588235294,1.529411765,0.02,0,0,40,0,0.108108108,0.07,0.9375,16.21621622,0,0.426,0.220264317,0.372093023,1.701657459,0.290748899,0.126,0.356,1.222,26.178,0.8,0.23,7.972,0,1.913043478,0.14,0.506,1.042,61.334,0.13,1.424,0.608,0,0.498,1.54954955,0.958490566,0.31496063,0.249056604,0.363636364,0.228,0.816,0.558,0.294117647,0.312,0.421052632,0.636,1.184,0.692,28,0.27,0.565217391,0.046,0.307692308,1.538461538,0.136,0.358974359,1.135135135,0.048,0.461538462,0.923076923,0.122,0.276923077,1.37704918,2130,2142,,
x16,18,0.6705,0.7915,5.3705,7.037,0.5115,0.3155,4.6115,0.619047619,46.54861945,0,32.16374269,71.66666667,70.14285714,0,0,0,37.5,45.63492063,0,0,43.03721489,75.56396369,43.38595495,24.664,18.0555,17.857,41.6665,65.812,0,43.33333333,53.472,77.3915,44.969,25,0.5225,12.688,5.324,3.993,0,83.33333333,72.85714286,58.92857143,86.42857143,47.5,33.17307692,41.621,0.042,0.416666667,0.666666667,0.032,0.625,1.225,0.0325,0.325,0.625,0.011,1,1.5,0.1155,0.429149798,0.639676113,0.0225,0.238095238,0.464285714,0.0125,0,0.333333333,16.66666667,0,0.2,0.0335,1.361111111,5,0,0.1795,0.14086629,0.732142857,0.789047619,0.272693032,0.169,0.189,0.7735,11.2335,0.071428571,0.178,3.2135,0.7,0.825,0.058,0.156,0.7,42.831,0.0365,0.909,0.3275,0,0.331,0.762062007,0.485090345,0.257712387,0.125928389,0.071428571,0.1175,1.0485,0.384,0.346405229,0.0705,0.375,0.283,0.7355,0.4095,4,0.1395,0.191666667,0.003,0,0,0.0285,0,1.464285714,0.0195,0.2,1.35,0.0545,0.1625,0.664835165,288,283.5,,
x17,9,1.24,1.426,11.442,17.518,1.95,0.258,7.512,0.875,62.29508197,52.17391304,71.42857143,55.55555556,121.7391304,60,46.15384615,86.95652174,57.14285714,60,0,66.66666667,36.06557377,149.8131945,85.42182623,62.858,33.334,20,54.546,95.238,0,44.44444444,50,149.582,94.69,100,1.522,22.84,4.938,2.47,0.618,166.6666667,100,40,200,150,75,41.06,0.14,0.733333333,0.866666667,0.116,0.5,1.5,0.052,0.909090909,0.909090909,0.034,0.571428571,2,0,0,0,0,0,0,0.436,0.408602151,1.461538462,49.43820225,0.636363636,0.197183099,0.346,1.639344262,30.98591549,1.090909091,0.05,0.363636364,0,0.4,0.363636364,0.462,0.064,1.538,15.384,0,0.462,18.31,0.615384615,1.789473684,0.15,0.322,1.866,45.162,0.334,1.142,0.658,0,0.376,1.443037975,0.780487805,0.25,0.341463415,0.571428571,0.322,1.424,0.666,0.363636364,0.242,0,0.142,1.556,0.828,0,0.206,1.333333333,0.056,0.333333333,0.333333333,0.094,0.5,1.052631579,0.092,0,1.052631579,0.024,0,0.8,874,822,,
x18,27,1.666,1.414,15.708,13.566,1.418,0.478,11.27,1.593220339,86.38497653,72.97297297,89.32038835,80,130.3797468,72.22222222,73.68421053,97.2972973,91.30434783,83.33333333,76.92307692,76.19047619,31.92488263,153.9936222,87.76851455,68.818,59.184,68.888,63.888,111.112,54.54545455,62.96296296,89.796,150.962,89.336,90.90909091,1.386,27.272,9.918,1.928,1.652,85.71428571,40,66.66666667,182.8571429,120,56.25,51.174,0.254,1.037593985,1.742424242,0.128,0.758,1.248,0.116,1.016393443,1.533333333,0.048,0.457142857,1.294117647,0.006,2,2,0.004,2,2.666666667,0.594,0.411575563,1.464,29.11877395,0.842105263,0.298076923,0.28,1.333333333,18.26923077,0.526315789,0.052,0,1.2,1.243243243,0.157894737,0.09,0.06,1.256,22.728,0.8,0.182,24.642,0.496124031,1.639344262,0.182,0.544,1.394,73.53,0.392,1.45,0.72,0.384615385,0.144,1.494736842,0.691588785,0.378378378,0.280373832,0.4,0.576,1.258,0.7,0.346666667,0.322,0.579710145,0.198,1.08,0.776,18,0.232,0.705882353,0.1,0.423076923,1.115384615,0.052,0,1.076923077,0.06,0.454545455,1.285714286,0.038,0.142857143,1.428571429,2954,2978,,
x19,35,0.797485714,0.697028571,8.503371429,8.616114286,0.605342857,0.277971429,6.222028571,0.530952381,35.03467406,30.69476971,33.26475155,34.24430642,46.28571429,25.84415584,34.28571429,39.86194996,35.67965368,35.76799141,39.59183673,31.52721088,10.70041609,71.03744168,45.73675228,36.35277143,27.79774286,23.9208,44.4676,63.37085714,16.47943388,43.98744113,63.63082857,75.68257143,45.75531429,34.88095238,0.639914286,13.8302,3.4056,2.978142857,1.050942857,65.57142857,50,54.28571429,72.85714286,7.428571429,4.126984127,20.6726,0.059028571,0.499047619,0.66,0.048028571,0.474542857,0.9294,0.036828571,0.52032967,0.52032967,0.021428571,0.720634921,1.050649351,0,0,0,0.003,0.371428571,0.371428571,0.132342857,0.160486322,0.640952381,14.35121951,0.500952381,0.143234036,0.096028571,0.557362075,9.235341016,0.561904762,0.020914286,0.082539683,0.251428571,0.789206349,0.161111111,0.188628571,0.032714286,0.955428571,3.492342857,0,0.188628571,21.403,0.339407895,0.715580524,0.079114286,0.263657143,0.773428571,34.66465714,0.3298,0.725885714,0.331971429,0.28806632,0.121571429,0.88994709,0.273751044,0.263945578,0.183893066,0.370588235,0.2732,0.657742857,0.326828571,0.256567376,0.096771429,0.345994398,0.0666,0.644457143,0.270685714,1.857142857,0.142314286,0.275510204,0.043885714,0.096703297,0.661442905,0.027028571,0.052380952,0.389285714,0.029457143,0.170238095,0.632142857,0.013057143,0.517857143,0.66952381,640.5428571,633.9428571,,
x20,28,1.556,1.464,19.134,15.384,1.642,0.274,10.746,0.745762712,75.55555556,22.22222222,66.66666667,92.30769231,148.5148515,18.18181818,28.57142857,122.2222222,71.42857143,80.95238095,0,33.33333333,35.55555556,154.8371691,79.56449037,80.916,68.852,82.858,66.666,135.922,70.58823529,66.66666667,111.476,152.34,89.85,100,1.58,39.908,15.686,5.536,0,76.92307692,20,40,188.8888889,133.3333333,23.52941176,43.526,0.154,0.847058824,1.951807229,0.12,0.84,1.21,0.1,0.872727273,2,0.052,0.8,1.314285714,0.002,0,0,0.004,1.333333333,1.333333333,0.376,0.223300971,1.563218391,34.06593407,0.64516129,0.354285714,0.258,1.535483871,18.28571429,1.375,0.062,0.341463415,0,2,0.341463415,0.414,0.042,1.656,20.69,2,0.62,16.394,0.222222222,1.704545455,0.122,1.048,1.976,65.854,0.43,1.222,0.784,0.194690265,0.322,1.344262295,0.96744186,0.442307692,0.306976744,0.606060606,0.412,1.386,0.594,0.554216867,0.266,0.486486486,0.158,1.414,0.636,24,0.15,0,0.088,0.208333333,1.531914894,0.042,0.782608696,2.260869565,0.054,0.432432432,1.027027027,0.02,0,0.615384615,2676,2704,,
x21,45,0.8138,0.7304,11.603,7.5214,0.423,0.27,5.752,0.457142857,41.14619883,38.84210526,40.44444444,38.82352941,45.57142857,44.15584416,35.78947368,36.73684211,42.5,39.42857143,70,37.15555556,25.61190856,70.62827901,45.42891458,43.44,21.5452,38.0932,38.2386,39.1144,27.83333333,20,29.5452,72.6058,48.2404,56,0.5816,10.8086,3.812,1.4874,0.724,47.85714286,34.14141414,62.66666667,71.47368421,32.14285714,25.71428571,51.2218,0.006,0,0,0.0234,0.3856,0.6654,0.0018,0,0,0.0068,0.533333333,0.666666667,0.0072,0,0.6,0.0174,0.33,0.612727273,0.0084,0,1.2,0,0,0.152995392,0.0284,0.601428571,11.49001536,0.4,0.1252,0.137076023,0.210434783,0.763648649,0.175087719,0.1848,0.1864,0.7786,11.557,0.582105263,0.246,7.7944,0.10625,1.064347826,0.0804,0.3828,0.7458,21.925,0.0686,0.7608,0.3184,0.069565217,0.3256,0.792896175,0.432847716,0.297398721,0.100716781,0.293333333,0.084,0.7176,0.3054,0.165833333,0.1498,0.22,0.3074,0.7466,0.375,24,0.0956,0.275,0.0114,0.48,1.466666667,0.0438,0.211764706,1.069803922,0.0148,0.321052632,0.75,0.0342,0.235897436,0.750881316,874.2,946.6,,
x22,41,0.825390244,0.736097561,10.25565854,7.412926829,0.416487805,0.33102439,4.307536585,0.398341068,47.9766911,46.82926829,43.52442311,53.71396896,62.58862218,30.48780488,56.91056911,38.53658537,44.81707317,49.3597561,0,58.11444653,14.23885618,74.61382596,42.07414669,42.51304878,34.8814878,36.06960976,41.53580488,49.28219512,37.23577236,34.63193908,34.8814878,74.28926829,47.77982927,48.86582483,0.566317073,12.5965122,4.955878049,3.956,1.517609756,49.59349593,33.11938383,57.7383592,68.02352064,30.36164844,31.47949611,48.17709756,0.014317073,0.510569106,0.627642276,0.032756098,0.569536585,0.832585366,0.005341463,0,0.195121951,0.015756098,0.525549056,0.788323585,0.014804878,0.766550523,0.885017422,0.014560976,0.262901155,0.445442875,0.012341463,0.487804878,0.87804878,23.57723577,0,0.202351916,0.02695122,0.427790096,7.608885017,0,0.137195122,0.186145134,0.605440901,0.772393363,0.299354043,0.133146341,0.163609756,0.785731707,14.84339024,0.392364793,0.189609756,10.36231707,0.424390244,1.140454163,0.090487805,0.355243902,0.919292683,23.60502439,0.078317073,0.858780488,0.268609756,0.414092141,0.332463415,0.885303287,0.412066208,0.335220684,0.099708393,0.370144535,0.101536585,0.698658537,0.314463415,0.180813008,0.122756098,0.236933798,0.261658537,0.855170732,0.352463415,9.146341463,0.104902439,0.54701897,0.018926829,0,0.455284553,0.061756098,0.066898955,0.762749446,0.020292683,0,0.501982458,0.033756098,0.209980376,0.699477352,910.7073171,976.8780488,,
x23,23,1.606,1.448,22.536,11.584,0.88,0.78,16.204,0.315789474,112.5925926,0,100,105.8823529,138.1818182,0,0,200,123.0769231,105.2631579,0,0,105.1851852,150.297354,92.67042222,82.052,25.806,57.692,83.334,118.182,15.38461538,33.33333333,83.87,152.046,91.208,113.2075472,1.01,27.848,15.19,5.908,4.22,123.4042553,102.7027027,131.0344828,164.2857143,113.3333333,73.91304348,116.612,0.038,0.888888889,0.888888889,0.046,0.96,1.44,0.012,2.666666667,2.666666667,0.014,1.75,1.75,0.11,1.076923077,2,0.064,0.971428571,1.085714286,0.042,0.8,1.6,40,0,0.083333333,0.044,1.047619048,25,0,0.118,0.19047619,1.555555556,1.966666667,0.412698413,0.32,0.44,1.302,18.106,0.363636364,0.354,4.69,0,0.909090909,0.096,0.188,0.98,60.378,0.11,1.368,0.678,0,0.734,1.404844291,0.639386189,0.544,0.127877238,1.04,0.146,1.48,0.666,0.296296296,0.246,1.4,0.642,1.38,0.766,40,0.22,0.205128205,0.012,2.666666667,2.666666667,0.052,0.666666667,1.666666667,0.024,0.153846154,1.833333333,0.064,0.4,1.9375,2130,2210,,
x24,22,1.634,1.424,22.058,11.258,2.03,0.318,16.074,0.772727273,73.46938776,56.41025641,61.97183099,74.07407407,144.8979592,50,66.66666667,123.0769231,57.69230769,82.92682927,16.66666667,83.33333333,46.2585034,157.3212196,86.49844762,74.684,69.842,57.5,86.486,136.752,66.66666667,75,123.81,153.068,90.43,103.4482759,1.456,42.41,19.322,4.768,2.258,50,33.33333333,200,173.3333333,88.88888889,30.76923077,44.52,0.172,0.70212766,1.638297872,0.182,0.758,1.52,0.086,0.680851064,1.574468085,0.066,0.684210526,1.736842105,0.012,0,0,0.004,0,2,0.234,0.1875,1.522123894,40.33613445,1.5,0.412955466,0.434,1.543378995,29.14979757,0.666666667,0.046,0.32,0,1.12,0.32,0.25,0.126,1.236,13.888,0,0.25,15.342,0.285714286,2.048780488,0.258,0.544,1.636,93.878,0.26,1.37,0.728,0.509803922,0.126,1.757575758,0.911764706,0.451612903,0.382352941,1.230769231,0.37,1.462,0.704,0.324324324,0.21,0.545454545,0.198,1.168,0.884,30,0.266,1.466666667,0.122,0.417910448,1.969230769,0.04,0.727272727,2.363636364,0.1,0.631578947,1.821428571,0.076,0.186046512,1.19047619,2158,2274,,
x25,20,1.528,1.538,16.692,15.72,0.612,0.718,13.132,0.615384615,174.3589744,0,140,200,125,0,0,200,66.66666667,184.6153846,0,0,112.8205128,147.5747778,100.1231179,74.286,57.142,56.41,95.238,130,33.33333333,75,85.714,151.354,91.13,87.17948718,1.262,40,12.8,0,6.4,100,53.33333333,72.72727273,162.962963,120,81.81818182,100,0,0,0,0.038,1.076,1.692,0,0,0,0.018,1,1,0.08,1,1.75,0.07,1.5,1.5,0.02,0,2,100,0,0.666666667,0.018,2,33.33333333,0,0.256,0.506024096,1.714285714,1.675675676,0.65060241,0.314,0.556,1.666,24.084,0.695652174,0.398,5.05,0.8,2,0.062,0.762,1.62,76.19,0.17,1.186,0.364,0,0.982,1.381818182,0.748427673,0.235294118,0.13836478,0.636363636,0.146,1.022,0.76,0,0.2,0.8,0.708,1.608,0.766,50,0.28,0.352941176,0.01,0,4,0.172,0.588235294,1.294117647,0.014,0,0,0.084,0.413793103,1.571428571,1294,1374,,
x26,23,1.582,1.482,22.184,12.774,0.948,0.576,17.068,0.869565217,77.5862069,82.9787234,67.74193548,84,110.7142857,76,90.90909091,106.3829787,36.36363636,89.88764045,0,101.2987013,3.448275862,147.0975314,96.73721207,72.108,50,54.546,66.666,100.918,44.44444444,53.65853659,79.412,148.218,93.91,110.3448276,1.362,20.708,7.63,6.54,2.18,66.66666667,0,0,150,66.66666667,44.44444444,35.948,0.008,0,0,0.072,1.582,2.372,0.004,4,4,0.034,1,2.1,0,0,0,0.008,1.6,1.6,0.056,0.4,1.2,26.66666667,0,0.167938931,0.22,1.282051282,25.95419847,0.823529412,0.05,0.142857143,3,1.928571429,0.357142857,0,0.052,1.066,32.258,0,0,34.88,0.617021277,1.494505495,0.18,0.58,1.534,67.29,0.836,1.56,0.662,0.573248408,0.256,1.696,0.593103448,0.790697674,0.317241379,0.782608696,0.484,1.306,0.694,0.46,0.194,0.785714286,0.14,1.44,0.698,8,0.24,0.8,0.078,0.571428571,1.9,0.134,0.111111111,2.111111111,0.078,0.391304348,1.911111111,0.024,0.857142857,2,2272,2380,,
x27,6,1.472,1.47,12.5,14.134,0.862,0.404,8.064,0.8,77.77777778,0,50,200,160,0,0,0,100,66.66666667,0,0,133.3333333,155.1289059,98.81595556,100,88.888,125,100,100,66.66666667,100,66.666,146.868,95.892,100,1.274,20.254,2.532,0,0,100,70.58823529,109.0909091,150,92.30769231,80,118.096,0.096,0.666666667,0.666666667,0.084,2,2,0.064,0,0,0.05,1.142857143,1.714285714,0.08,1.6,1.6,0.028,1,2,0.016,0,4,0,0,0,0.056,0.571428571,50,0,0.458,0.393939394,0,1.642857143,0.393939394,0.378,0.374,1.744,15.094,2,0.528,8.064,0.4,0.4,0.084,0.834,1.5,50,0.18,1.76,0.308,0,0.638,1.65625,0.913043478,0.523809524,0.108695652,0,0.098,1.572,0.142,0,0.428,2,0.672,1.534,0.842,8,0.232,0.363636364,0.048,0,2.666666667,0.29,1.111111111,1.875,0.022,2,3.333333333,0.128,0.666666667,1.75,576,566,,
x28,10,1.568,1.604,17.568,13.766,1.306,0.532,13.794,1.1,89.23076923,63.15789474,91.66666667,59.25925926,94.11764706,82.35294118,47.61904762,89.47368421,95.65217391,64,76.92307692,63.63636364,30.76923077,142.1093617,88.56851077,54.546,22.222,70.588,18.182,121.428,44.44444444,0,100,152.982,89.388,80,1.2,24.138,9.196,6.896,2.298,0,0,0,163.6363636,66.66666667,22.22222222,25.862,0.2,1.655172414,2.206896552,0.098,0.75,0.916,0.082,2,2.333333333,0.052,0.307692308,0.307692308,0,0,0,0.004,4,4,0.606,0.454545455,1.864864865,45.94594595,0.705882353,0.25,0.226,1.846153846,39.28571429,0.545454545,0.054,0.333333333,0,2.2,0.333333333,0.308,0.052,0.364,30.77,0,0.308,39.31,0.701754386,1.925925926,0.226,0.072,1.698,110.714,0.328,1.782,0.768,0.642857143,0.144,1.4,0.8125,0.307692308,0.4375,0,0.494,1.652,0.606,0.432432432,0.41,0.8,0.186,1.368,0.74,4,0.434,0.4,0.248,0.777777778,1.944444444,0.068,0,2,0.056,0.714285714,1.857142857,0.048,0.5,1.166666667,888,988,,
x29,16,1.416,1.45,9.988,10.866,2.166,0.196,6.62,0.428571429,71.26436782,45.45454545,60.46511628,75,128.358209,20,66.66666667,90.90909091,68.18181818,66.66666667,28.57142857,61.53846154,29.88505747,153.3895154,83.45126207,83.544,48.648,88.236,61.538,113.334,66.66666667,31.57894737,97.298,148.138,92.718,114.2857143,1.57,25.302,11.746,3.012,1.808,200,100,33.33333333,154.5454545,50,23.52941176,46.428,0.164,0.869565217,2.173913043,0.124,0.572,1.714,0.056,0.833333333,2.083333333,0.042,1.142857143,2,0.01,0,0,0.002,0,0,0.428,0.099447514,1.519480519,9.411764706,0,0.151260504,0.35,1.752380952,28.57142857,1.764705882,0.088,0.764705882,0,1.3125,0.764705882,0.286,0.082,1.692,14.286,0,0.286,22.932,0.309278351,1.422222222,0.188,0.406,1.834,46.876,0.32,1.686,0.864,0.222222222,0.244,1.522727273,0.863157895,0.195121951,0.357894737,0.588235294,0.244,1.28,0.698,0.75862069,0.386,0.25,0.2,1.4,0.794,16,0.236,0,0.064,0.148148148,1.185185185,0.09,0.789473684,1.621621622,0.046,0,0.875,0.064,0.272727273,0.909090909,1562,1362,,
x30,39,0.778615385,0.735615385,7.988384615,7.617538462,0.973230769,0.186615385,4.216,0.660606061,36.80986499,24.80761248,29.81121443,37.21556412,61.5902763,21.35198135,32.05128205,56.94989942,40.58919804,28.61753631,24.27138079,26.7869643,15.91797585,75.47752004,44.36052834,41.54376923,31.89992308,35.36015385,43.63923077,58.03238462,19.78021978,43.42657343,46.47730769,75.79738462,45.55330769,54.3956044,0.728230769,13.10223077,5.636769231,2.365076923,1.159076923,75.52447552,50,40.38461538,84.34065934,61.66666667,32.78106509,41.31715385,0.074230769,0.661422178,1.090003997,0.046923077,0.436615385,0.810384615,0.032461538,0.827383143,1.13986014,0.025461538,0.599870718,0.88671024,0.001,0.769230769,2,0.006076923,0.240384615,0.240384615,0.230307692,0.147523317,0.810079719,10.03740733,0.469030969,0.144768789,0.084230769,0.780952381,7.896479417,0.256410256,0.035846154,0.039447732,0,0.692463407,0.039447732,0.168461538,0.047307692,0.946461538,9.639,0,0.168461538,13.08546154,0.162443899,0.793824795,0.098461538,0.187,0.62,33.45053846,0.345076923,0.731,0.438461538,0.146245882,0.131692308,0.757397042,0.34767385,0.146648673,0.244422127,0.058275058,0.258384615,0.784076923,0.311692308,0.265167437,0.096692308,0.150445344,0.129307692,0.714,0.377153846,10.69230769,0.116,0.441251057,0.041846154,0.135188216,0.608547009,0.023615385,0.101983989,0.825617821,0.035692308,0.190045249,0.714894301,0.023076923,0.388278388,0.957393484,916.3076923,920.5384615,,
x31,39,0.750153846,0.707384615,7.383615385,8.005,0.424230769,0.373923077,5.385923077,0.556799238,43.74603223,0,40.51435821,45.7779063,50.54457443,0,0,61.53846154,31.02564103,45.21848388,0,0,41.99983173,71.2245663,46.8980357,41.73407692,32.99361538,39.23076923,40.29284615,50.53115385,30.76923077,34.4852071,38.66669231,74.069,47.20338462,48.20512821,0.487076923,7.888615385,2.410461538,3.342153846,1.478769231,62.95698305,44.78021978,60.87246087,81.5227259,55.23809524,40.85067873,52.43546154,0.023923077,0.671550672,0.671550672,0.026538462,0.359307692,0.523,0.004615385,0.769230769,0.769230769,0.009076923,0.465811966,0.602564103,0.039230769,0.403846154,0.461538462,0.017076923,0.307692308,0.653846154,0.001230769,0,0,61.53846154,0,0.104895105,0.021538462,0.541405962,9.357309357,0.384615385,0.235307692,0.102739113,0.603550296,0.759063707,0.18023606,0.174384615,0.144,0.682384615,9.011846154,0.32967033,0.208615385,5.699538462,0.463800905,0.66025641,0.086,0.194384615,0.628692308,37.09507692,0.096769231,0.687,0.176615385,0.245421245,0.448153846,0.765697593,0.441210109,0.196019549,0.063262397,0.301587302,0.094692308,0.718153846,0.337076923,0.293414918,0.082923077,0.769230769,0.358230769,0.631538462,0.412615385,11.53846154,0.104538462,0.153846154,0.005846154,0,1.384615385,0.033076923,0.362637363,1.285714286,0.009153846,0.384615385,0.880494505,0.024769231,0.326923077,0.807692308,820.6923077,797.7692308,,
x32,22,1.504,1.416,17.36,12.36,0.842,0.61,6.008,0.571428571,83.58208955,0,66.66666667,94.11764706,110.5263158,0,0,0,50,84.84848485,0,0,77.6119403,150.6337377,96.65002388,76.056,54.546,81.482,46.154,135,50,57.14285714,72.728,153.492,91.61,90.90909091,0.902,24.762,9.524,3.81,0,130.7692308,104.7619048,129.4117647,138.8888889,85.71428571,72,112.222,0.026,1.333333333,1.333333333,0.044,0.666,0.834,0.008,0,0,0.026,0.571428571,1.714285714,0.06,0.571428571,0.571428571,0.074,0.6,1.3,0.018,0,3,100,0,0,0.022,0.666666667,0,0,0.556,0.220779221,1.777777778,1.523076923,0.324675325,0.316,0.546,1.616,17.808,1.692307692,0.466,5.15,0,1.333333333,0.068,0.222,1.222,77.778,0.232,1.724,0.438,0.428571429,1.422,1.549295775,0.824427481,0.333333333,0.127226463,0.48,0.168,1.056,0.578,0.307692308,0.312,0,0.75,1.394,0.84,26,0.27,0.444444444,0,0,0,0.344,0.6,1.897435897,0.012,0,0,0.102,0.296296296,1.2,1106,1068,,
x33,24,1.498,1.364,14.206,11.642,1.28,0.612,9.836,1.435897436,78.89908257,65,80,77.92207792,104.9382716,57.89473684,71.42857143,95,73.07692308,85.14851485,57.14285714,71.18644068,31.19266055,148.4080433,89.93523028,76.19,60,66.666,84.21,120,37.5,75,80,154.01,87.318,85.71428571,1.276,22.53,9.486,5.138,1.186,125,53.33333333,53.33333333,156.5217391,66.66666667,33.33333333,68,0.142,1.571428571,2.259259259,0.106,0.786,1.534,0.064,1.92,2.08,0.046,0.692307692,1.153846154,0.008,0,0,0.01,1,1.666666667,0.364,0.402777778,1.6,16.41791045,0.727272727,0.16969697,0.286,1.251798561,20.60606061,0.705882353,0.056,0.114285714,0,1.823529412,0.114285714,0.21,0.066,1.056,0,0,0.21,25.978,0.796116505,1.642105263,0.178,0.486,1.578,71.844,1.214,1.602,0.632,0.579831933,0.388,1.389473684,0.716666667,0.23255814,0.275,0.96969697,0.628,1.322,0.704,0.409448819,0.172,1.161290323,0.216,1.182,0.646,4,0.242,0.533333333,0.288,0.561403509,1.267857143,0.05,0.5,1.578947368,0.12,0.144927536,1.294117647,0.054,0,0.64516129,2478,2302,,
x34,20,1.386,1.418,14.342,17.184,1.082,0.442,10.682,0.827586207,110.2564103,0,106.6666667,76.92307692,107.1428571,0,0,0,40,100,0,0,120.5128205,145.3331198,101.2325385,84.552,69.23,74.286,66.666,90.91,80,66.66666667,38.462,148.41,92.096,111.1111111,1.334,24.862,7.182,4.972,3.868,113.3333333,76.19047619,94.11764706,173.7704918,125.7142857,83.01886792,106.91,0.058,1,1.5,0.066,0.812,1.548,0.012,0.666666667,0.666666667,0.036,1.411764706,1.647058824,0.048,1.538461538,1.692307692,0.028,2,2,0.056,0.266666667,2,13.33333333,0,0.424242424,0.068,1.161290323,12.12121212,0,0.366,0.27173913,0.421052632,1.374233129,0.315217391,0.388,0.288,1.318,21.582,0.666666667,0.46,11.786,0.1875,1.677419355,0.12,0.586,1.158,86.206,0.234,1.524,0.222,0.307692308,0.59,1.244635193,0.716216216,0.358490566,0.182432432,0.962962963,0.188,1.292,0.396,0.111111111,0.242,1.090909091,0.468,1.252,0.814,52,0.194,0.818181818,0.052,0,0.714285714,0.144,0.051282051,0.648648649,0.04,0.526315789,1.368421053,0.056,1.037037037,1.851851852,2008,1932,,
x35,13,1.638,1.418,16.64,14.012,1.344,0.61,13.334,1.428571429,88.17204301,84.61538462,68.18181818,83.87096774,117.3333333,76.92307692,92.30769231,100,72.72727273,90.90909091,120,97.43589744,25.80645161,149.2355682,90.84209247,83.334,75,85.714,74.074,87.5,85.71428571,70.58823529,58.334,148.748,91.444,112.5,1.328,22.222,11.47,5.018,2.15,75,57.14285714,133.3333333,160,122.2222222,78.57142857,78.788,0.166,1.771428571,2.342857143,0.076,0.584,0.584,0.072,1.733333333,2.266666667,0.038,0.5,0.5,0.004,0,4,0.006,2,2,0.314,0.272727273,1.448275862,55.73770492,1.529411765,0.259259259,0.172,1.347826087,14.81481481,2,0.154,0.166666667,2.181818182,1.404255319,0.666666667,0.076,0.166,1.294,11.538,1.333333333,0.154,29.048,0.590163934,1.672131148,0.16,0.48,1.422,64,0.47,1.562,0.83,0.557377049,0.486,1.333333333,0.842105263,0.28125,0.118421053,0.666666667,0.328,1.302,0.602,0.064516129,0.194,0,0.248,1.686,0.512,16,0.23,0,0.076,1,1.875,0.048,0.4,1.555555556,0.082,0,1.090909091,0.058,0,1.444444444,1250,1256,,
x36,5,1.48,1.396,12.8,11.194,1.064,0.828,9.022,0.666666667,82.35294118,0,50,166.6666667,145.4545455,0,0,200,50,94.11764706,0,0,86.2745098,159.7252874,84.95015294,61.538,33.334,83.334,40,88.888,0,66.66666667,100,145.094,92.992,54.54545455,0.842,42.858,25,3.572,7.142,100,80,133.3333333,133.3333333,75,75,104.444,0.06,2,2,0.03,0,0,0.03,0,0,0.014,0,0,0.572,1.105263158,1.72972973,0.03,1,2,0,0,0,0,0,0,0.03,0,0,0,0.152,0.210526316,0,1.157894737,0.210526316,0.208,0.358,1.56,8.334,0,0.208,9.022,0.666666667,1.666666667,0.15,0.5,1.6,80,0.072,0.444,0.222,0,0.456,1.208333333,0.631578947,1.222222222,0.350877193,1,0.15,1.112,0.4,0,0,0,0.582,1.728,0.666,4,0.128,0,0,0,0,0.076,0,0.8,0.038,0,0.8,0.03,0,2,500,536,,
x37,5,1.52,1.702,9.738,14.56,0.996,0.932,15.038,1.6,66.66666667,69.76744186,61.53846154,75,141.8181818,66.66666667,76.92307692,139.5348837,36.36363636,85.71428571,46.15384615,80,6.349206349,152.4473512,93.49995873,69.566,54.546,85.714,18.182,77.778,100,28.57142857,72.728,142.466,93.526,160,1.008,29.85,11.94,0,11.94,0,0,0,200,0,0,24.176,0.166,0.727272727,1.090909091,0.084,0.546,2.182,0.09,0.666666667,0.666666667,0.03,1.5,2.5,0,0,0,0,0,0,0.436,0.206896552,1.28,53.84615385,0.571428571,0.157894737,0.292,1.542857143,15.78947368,0.666666667,0.038,0,0,0.8,0,0.444,0.068,2.888,22.222,0,0.444,39.098,1.923076923,2.16,0.298,0,2.222,61.538,1.116,1.32,0.684,0.666666667,0.164,2.285714286,0.272727273,1.333333333,0.727272727,1.5,0.268,1.852,0.8,0.428571429,0.286,0,0.092,2.166,1.334,0,0,0,0.196,0,1.384615385,0.016,0,4,0.076,0,1.777777778,0.022,0,1.333333333,534,522,,
x38,9,1.458,1.494,15.778,20.366,1.8,0.492,12.322,1.076923077,84.09090909,66.66666667,85.71428571,85.71428571,160,68.57142857,61.53846154,145.8333333,91.66666667,72.72727273,80,44.44444444,25,158.1346596,84.74205,73.334,72.728,75,75,133.334,85.71428571,50,127.272,155.358,85.71,133.3333333,1.242,31.298,12.214,3.816,0.764,200,200,133.3333333,200,100,28.57142857,63.266,0.256,0.703703704,1.444444444,0.088,0.942,1.876,0.152,1.125,1.375,0.046,1.333333333,2.666666667,0,0,0,0,0,0,0.564,0.537815126,1.417475728,36.36363636,0.2,0.08,0.262,1.80952381,28,0,0.042,0,0,1,0,0.142,0.074,2,28.572,0,0.142,16.588,0.285714286,1.75,0.126,0.416,1.81,125,0.294,0.916,0.782,0.222222222,0.072,0.8,1.294117647,0,0.470588235,0,0.396,1.79,0.422,0.25,0.316,1.166666667,0.23,2.106,0.728,10,0.182,0,0.1,0.666666667,1.2,0.042,0,0.666666667,0.088,0.588235294,1.866666667,0.104,0.5,2.736842105,938,766,,
x39,16,1.56,1.442,17.874,13.63,1.192,0.398,8.268,0.75,70.42253521,54.54545455,58.33333333,56,97.95918367,57.14285714,52.63157895,84.84848485,20,76.47058824,0,69.23076923,50.70422535,148.9198665,97.59896338,71.642,125,57.142,100,137.254,114.2857143,133.3333333,87.5,156.446,83.872,66.66666667,1.406,25.736,10.294,3.676,2.206,146.6666667,127.2727273,127.2727273,171.4285714,90.90909091,55.55555556,86.138,0.166,1.375,2,0.096,1.066,1.358,0.094,1.666666667,2.777777778,0.028,0.888888889,1.555555556,0.042,0,0.5,0.01,0,0,0.186,0,1.833333333,0,0,0.314285714,0.222,1.402985075,17.14285714,0,0.04,0.615384615,0,2.153846154,0.615384615,0.238,0.134,1.512,33.334,1.428571429,0.476,27.906,0.518518519,1.396226415,0.174,0.364,1.844,83.636,0.4,1.464,0.446,0.137931034,0.16,2.130434783,0.692307692,0.222222222,0.423076923,0.545454545,0.52,1.35,0.696,0.140350877,0.22,0.555555556,0.266,1.454,0.642,18,0.238,0,0.124,0,2.166666667,0.006,0,6,0.06,0.421052632,1.789473684,0.07,0,1.904761905,1298,1262,,
x40,16,1.504,1.492,17.506,13.63,1.184,0.534,7.692,1.578947368,92.45283019,72.22222222,88.37209302,80,126.4705882,60,87.5,111.1111111,77.41935484,114.2857143,0,123.8095238,41.50943396,154.2523171,87.56763396,76.596,63.636,87.18,70.588,106.85,57.14285714,69.56521739,95.454,151.3,91.418,62.5,1.312,27.16,4.938,4.938,1.234,154.5454545,120,105.8823529,190.4761905,171.4285714,60,78.226,0.272,0.895522388,1.661538462,0.08,0.624,1.806,0.17,1.047619048,1.714285714,0.066,0.666666667,1.692307692,0.048,0.666666667,1.5,0.018,1.142857143,3.142857143,0.178,0.409090909,1.512195122,13.63636364,1.333333333,0.282051282,0.194,1.275362319,23.07692308,0.666666667,0.12,0.44,1.25,1.617021277,0.64,0.108,0.138,1.472,32.142,1.111111111,0.286,29.15,0.472222222,1.605633803,0.154,0.646,2.166,74.194,0.346,1.25,0.598,0.279069767,0.294,1.549019608,0.926829268,0.421052632,0.211382114,0.307692308,0.46,1.782,0.656,0.655737705,0.312,0.344827586,0.352,1.322,0.578,8,0.282,0.4,0.08,0,1.2,0.016,0,1,0.082,0.363636364,1.5,0.052,0.666666667,1.333333333,1668,1614,,
x41,16,1.47,1.24,11.004,9.498,1.502,0.268,5.86,1,73.68421053,62.5,94.11764706,69.56521739,85,66.66666667,60,75,75,81.81818182,0,66.66666667,45.61403509,139.9083604,94.46732982,62.686,48.276,75.862,53.846,105.454,72.72727273,33.33333333,75.862,147.28,90.822,44.44444444,1.528,27.338,8.634,4.796,1.438,106.6666667,71.42857143,125,123.0769231,50,50,103.744,0.172,0.808510638,1.361702128,0.078,0.428,0.714,0.054,0.533333333,0.933333333,0.03,1.090909091,1.090909091,0.004,0,0,0.02,0.571428571,1.714285714,0.186,0.235294118,1.391304348,12.5,0,0.186666667,0.21,0.942857143,26.66666667,0,0.064,0.347826087,0,1.652173913,0.347826087,0.242,0.092,0.97,24.242,1,0.364,31.868,0.367816092,1.461538462,0.226,0.172,1.206,79.012,0.386,1.612,0.586,0.097560976,0.1,1.696969697,0.444444444,0.5,0.611111111,0.181818182,0.492,1.364,0.704,0.290322581,0.194,0.235294118,0.204,1.046,0.794,12,0.22,0.75,0.12,0.303030303,1.5625,0.074,0.4,1.1,0.056,0.3,0.9,0.022,0,1,1454,1432,,
x42,8,1.274,1.51,10.452,22.728,1.624,0.416,3.508,1.333333333,78.78787879,59.25925926,77.77777778,66.66666667,126.3157895,37.5,90.90909091,118.5185185,60,80,28.57142857,66.66666667,15.15151515,146.5397306,87.91271818,108,105.882,88,127.272,138.888,90.90909091,133.3333333,129.412,149.618,92.768,109.0909091,1.398,15.9,4.184,4.184,0,140,114.2857143,114.2857143,172.7272727,140,73.68421053,64.864,0.176,1.066666667,1.8,0.114,0.48,1.25,0.082,1.142857143,1.714285714,0.04,0.888888889,1.333333333,0.018,2.666666667,2.666666667,0.018,2,2,0.164,0.642857143,2.222222222,14.28571429,2,0.615384615,0.178,1.722222222,15.38461538,0,0.172,0.111111111,0.285714286,1.375,0.166666667,0,0.118,0.72,15.384,0,0,40.936,0.485714286,1.451612903,0.114,0.64,2.086,64,0.318,1.666,0.598,0.6,0.21,1.405405405,0.363636364,0,0.045454545,6,0.44,1.67,0.702,0.470588235,0.206,0,0.26,1.066,0.878,6,0.21,1,0.058,0,1.2,0.1,0.235294118,1.375,0.064,0.428571429,2,0.028,0,0.666666667,842,880,,
x43,20,1.446,1.412,14.706,16.052,1.634,0.362,6.3,1.357142857,76.31578947,65.57377049,60.2739726,84.44444444,123.7288136,55.17241379,75,95.08196721,57.77777778,82.53968254,36.36363636,82.92682927,30.26315789,153.3766062,86.34331447,77.862,43.244,68.422,69.768,93.828,18.18181818,53.84615385,59.46,151.104,87.576,108.5714286,1.454,27.864,10.526,2.476,2.786,133.3333333,100,100,146.6666667,50,45.45454545,76.552,0.212,0.617021277,1.543478261,0.09,0.654,1.184,0.104,0.47826087,1.391304348,0.052,0.714285714,1.285714286,0.024,0.363636364,2,0.018,1,1,0.29,0.310077519,1.508474576,17.6,0.363636364,0.191780822,0.134,1,13.69863014,0,0.158,0.209302326,0.533333333,1.512820513,0.302325581,0.376,0.148,1.26,12.5,0.8,0.424,31.272,0.460431655,1.874015748,0.158,0.396,1.548,72.094,0.556,1.248,0.716,0.462962963,0.162,1.306666667,0.863636364,0.263157895,0.25,0.545454545,0.324,1.532,0.556,0.204081633,0.204,0.888888889,0.264,1.344,0.686,32,0.182,0,0.148,0.333333333,1.65625,0.084,0.594594595,1.621621622,0.052,0.214285714,1.037037037,0.046,0.48,1.6,2176,2168,,
x44,23,0.709608696,0.775434783,5.499956522,6.233826087,0.793652174,0.182434783,2.47526087,0.343645485,41.34971645,25.36231884,42.19441148,32.47491639,46.2000707,23.68012422,23.988006,30.9178744,29.70507753,46.45946258,0,31.72302738,14.09073724,72.75491984,43.39963759,37.87517391,25.59421739,25.54978261,39.38582609,59.91569565,26.90217391,23.77188029,58.9563913,74.70182609,44.71917391,66.66666667,0.720217391,9.278652174,3.565478261,1.991565217,1.783086957,48.52941176,31.10367893,50,73.04347826,41.30434783,37.42236025,44.03852174,0.031391304,0.347826087,0.546583851,0.034913043,0.424869565,0.859391304,0.010521739,0.27826087,0.27826087,0.01526087,0.126482213,0.56916996,0.012,0.615942029,1.155797101,0.012521739,0.505928854,0.505928854,0.047391304,0.049088359,0.268511199,18.73517787,0,0.17239636,0.073304348,0.68807096,11.52679474,0,0.095,0.088181261,0.114130435,0.627599244,0.119665519,0.060869565,0.109956522,0.872391304,20.05552174,0.51552795,0.161086957,15.86073913,0.154231395,0.764298339,0.091347826,0.185434783,0.717391304,33.62304348,0.167391304,0.761565217,0.277347826,0.167287785,0.203434783,0.694209968,0.437968003,0.169979296,0.163115982,0.240802676,0.140695652,0.597869565,0.270391304,0.328722003,0.111956522,0.211956522,0.201869565,0.742869565,0.324043478,3.47826087,0.114565217,0.092753623,0.02726087,0.117874396,0.548792271,0.03973913,0.179327918,0.674470457,0.020913043,0.365942029,0.905797101,0.019869565,0,0.57312253,596.9565217,534.9565217,,
x45,9,1.394,1.284,16.784,17.032,1.976,0.292,8.962,1.368421053,98.24561404,60,94.44444444,66.66666667,171.4285714,66.66666667,0,180,81.48148148,114.2857143,40,100,42.10526316,152.3618413,78.80113333,54.054,20,40,60,120,0,66.66666667,140,155.024,83.192,75,1.518,35.404,16.77,3.726,0.622,85.71428571,40,66.66666667,181.8181818,150,60,67.648,0.188,1.05,1.487179487,0.176,0.556,1.314,0.076,0.375,0.666666667,0.054,0.181818182,0.545454545,0,0,0,0,0,0,0.378,0.3,1.246376812,29.72972973,0.909090909,0.35483871,0.302,1.438596491,22.58064516,0,0.088,0,0,0.631578947,0,0,0.098,1.3,50,0,0,18.868,0.4,1.794871795,0.038,0,1,100,0.518,1.576,0.864,0.208333333,0.158,1.533333333,0.529411765,0,0.529411765,0.888888889,0.306,1.224,0.54,0.235294118,0.286,0,0.136,0.88,0.642,8,0.142,0,0.08,0.235294118,1.375,0.09,0,0.842105263,0.068,0.285714286,2.923076923,0.078,0.5,2.125,858,822,,
x46,16,0.7468125,0.7265625,7.1520625,7.52925,0.6781875,0.315,4.0464375,0.539186508,42.55208333,34.62540064,39.6780303,39.95535714,63.0859375,40.09046053,30.390625,56.57051282,29.7314578,44.94371598,22.8125,38.26680672,7.670547386,74.97034283,43.47209961,35.8228125,17.5191875,37.2160625,15.0884375,73.236,20.3125,11.25,59.848375,77.94375,43.1614375,61.40625,0.62375,12.4651875,4.1318125,2.53475,1.284875,71.875,59.82142857,81.25,80.20833333,29.16666667,17.5,25.0493125,0.0594375,0.64375,1.003125,0.0435,0.316875,0.4600625,0.0176875,0.859375,1.2109375,0.018,0.0875,0.4,0.0016875,1.125,1.125,0.00225,0.5625,0.5625,0.141625,0.15,0.700667013,13.07010135,0.175,0.132565789,0.094375,0.569196429,13.96381579,0.072916667,0.0271875,0.119318182,0,0.498579545,0.119318182,0.0310625,0.0363125,0.6025,16.797,0.65625,0.125125,14.3301875,0.438858696,0.846646341,0.059,0.0816875,0.643375,36.875,0.327875,0.7850625,0.393875,0.505126115,0.0975625,0.910785786,0.34921875,0.066176471,0.25546875,0.776041667,0.2201875,0.69425,0.3438125,0.3125,0.088625,0.28125,0.08375,0.7288125,0.3318125,1.125,0.2165,0.28125,0.073375,0.187070938,0.61298627,0.025625,0.1640625,0.675223214,0.0336875,0.116666667,0.638782051,0.0268125,0,0.778409091,433,417.75,,
x47,19,1.426,1.364,10.344,19.536,0.852,0.662,6.618,0.888888889,106.25,0,60,150,90.90909091,0,0,150,0,120,0,0,109.375,146.5142386,93.87981875,68.422,66.666,44.444,105.264,130.91,66.66666667,66.66666667,85.714,154.176,87.886,106.6666667,1.102,17.334,4,4,2.666,113.0434783,104.3478261,184.6153846,173.9130435,129.4117647,110,85.454,0.014,0,0,0.06,0.666,1,0,0,0,0.01,1.333333333,3.333333333,0.088,2.166666667,2.166666667,0.036,0.727272727,0.727272727,0.036,0,0,0,0,0,0.066,0.421052632,50,0,0.392,0.4,0.5,1.547826087,0.448,0.248,0.348,1.056,19.048,1,0.342,8.088,0.363636364,2.363636364,0.086,1.384,1.692,23.076,0.138,1.56,0.454,0,0.53,1.409090909,0.639053254,0.555555556,0.201183432,0.352941176,0.226,1.174,0.382,0.615384615,0.382,0.153846154,0.54,1.2,0.858,28,0.184,0.266666667,0,0,0,0.124,0.941176471,1.764705882,0.02,1.333333333,2,0.086,0.153846154,1.44,1276,1208,,
x48,21,1.806,1.324,13.538,12.904,0.988,0.796,8.298,1.1,89.18918919,85.24590164,85.71428571,85.10638298,114.5454545,91.66666667,81.08108108,78.68852459,51.61290323,105.8823529,44.44444444,100,31.08108108,151.762791,89.39130541,64.336,37.21,51.724,68.292,117.172,22.22222222,48,83.72,151.138,90.112,83.87096774,1.096,31.818,12.122,3.03,2.272,162.5,127.2727273,107.6923077,185.1851852,133.3333333,48,61.59,0.142,1.470588235,1.705882353,0.106,1.02,1.36,0.096,1.652173913,1.826086957,0.062,1.133333333,1.586206897,0.054,1.538461538,1.846153846,0.016,0.5,1,0.088,0.476190476,1.8,10,0,0.32,0.052,1.652173913,16,0,0.318,0.606451613,1.578947368,2.09929078,0.8,0.348,0.274,1.312,30.304,0.2,0.378,30.706,1.135135135,2.305555556,0.06,1.104,1.642,48.276,0.104,1.958,0.746,0.947368421,0.328,1.868613139,0.9,1.111111111,0.1625,1.230769231,0.202,1.398,0.702,1.176470588,0.144,0.571428571,0.49,1.376,0.68,40,0.29,0.588235294,0.07,0.588235294,1.125,0.22,0.716981132,2.56,0.03,0.857142857,1.571428571,0.054,0.461538462,1.538461538,1950,1922,,
x49,30,1.75,1.4,13.63,14.434,0.978,0.756,8.872,1.314285714,103.7037037,0,96.875,104,143.8202247,0,0,50,63.63636364,110.7692308,0,0,88.88888889,151.7592539,90.17522037,84.874,35.294,86.956,69.09,111.29,22.22222222,40,52.942,149.596,94.422,87.12871287,0.918,47.514,20.994,2.762,1.658,85,66.66666667,141.1764706,173.4939759,120,75,111.764,0.068,0.222222222,0.962962963,0.044,1.222,1.888,0.046,0.333333333,1,0.018,1.733333333,1.733333333,0.25,1.090909091,1.836734694,0.038,0.903225806,1.161290323,0.01,0,1,50,0,0.380952381,0.026,2.5,0,0,0.4,0.664596273,1.714285714,1.77852349,0.813664596,0.452,0.426,1.42,22.922,1,0.568,3.296,0.769230769,2.307692308,0.04,1.03,2.06,84.848,0.112,1.388,0.462,0.857142857,0.354,1.623430962,0.814035088,0.810344828,0.168421053,0.916666667,0.098,1.684,0.476,0.421052632,0.324,0.615384615,0.53,1.402,0.72,84,0.226,0.653061224,0.012,2,3.6,0.224,0.568181818,1.908045977,0.014,0,1.090909091,0.048,0.35,1.4,3228,3270,,
x50,7,1.524,1.758,15.572,15.714,1.952,0.678,12.968,2.461538462,88,86.48648649,100,100,155,78.57142857,111.1111111,151.3513514,100,100,66.66666667,105.8823529,30,155.223842,82.61916,80.952,60,38.096,114.286,120,40,80,100,148.538,92.332,133.3333333,1.266,29.134,8.662,3.938,0,133.3333333,0,0,181.8181818,133.3333333,40,37.21,0.19,1,1.135135135,0.114,0.5,1.13,0.15,0.933333333,1.4,0.042,0.888888889,0.888888889,0,0,0,0.004,0,0,0.568,0.684210526,1.62745098,31.48148148,1.294117647,0.071428571,0.266,1.08,39.28571429,0,0.088,0.222222222,0,2.111111111,0.222222222,0,0.024,0.4,0,0,0,16.458,1.393939394,1.818181818,0.238,0.2,1.268,56,0.632,1.808,0.784,1.019607843,0.048,3.6,1.2,0.666666667,0.2,0,0.31,1.49,0.584,0,0.216,0,0.114,2.19,1.084,4,0.25,0,0.13,0.538461538,1.384615385,0.074,0.266666667,1.866666667,0.072,0.4,0.8,0.02,0.5,2,822,840,,